time,temperature_2m,relative_humidity_2m
2026-08-20T00:00,22.0,92
2026-08-20T01:00,22.0,92
2026-08-20T02:00,23.1,86
2026-08-20T03:00,24.5,78
2026-08-20T04:00,26.1,72
2026-08-20T05:00,27.1,66
2026-08-20T06:00,27.8,60
2026-08-20T07:00,28.4,59
2026-08-20T08:00,26.7,68
2026-08-20T09:00,28.7,58
2026-08-20T10:00,28.8,55
2026-08-20T11:00,27.3,59
2026-08-20T12:00,26.1,66
2026-08-20T13:00,24.6,74
2026-08-20T14:00,23.7,79
2026-08-20T15:00,22.9,81
2026-08-20T16:00,22.2,85
2026-08-20T17:00,21.7,88
2026-08-20T18:00,21.3,90
2026-08-20T19:00,20.9,92
2026-08-20T20:00,20.5,94
2026-08-20T21:00,20.7,92
2026-08-20T22:00,21.0,90
2026-08-20T23:00,21.1,89
2026-08-21T00:00,20.5,93
2026-08-21T01:00,20.1,95
2026-08-21T02:00,21.5,86
2026-08-21T03:00,22.9,77
2026-08-21T04:00,24.8,68
2026-08-21T05:00,26.2,62
2026-08-21T06:00,28.2,54
2026-08-21T07:00,28.6,52
2026-08-21T08:00,29.3,49
2026-08-21T09:00,29.0,49
2026-08-21T10:00,28.8,51
2026-08-21T11:00,28.1,52
2026-08-21T12:00,26.1,63
2026-08-21T13:00,24.6,70
2026-08-21T14:00,23.2,77
2026-08-21T15:00,22.0,82
2026-08-21T16:00,21.1,88
2026-08-21T17:00,20.8,91
2026-08-21T18:00,20.7,92
2026-08-21T19:00,20.9,91
2026-08-21T20:00,21.2,90
2026-08-21T21:00,21.2,90
2026-08-21T22:00,21.1,90
2026-08-21T23:00,21.5,89
2026-08-22T00:00,21.5,89
2026-08-22T01:00,21.6,89
2026-08-22T02:00,22.0,87
2026-08-22T03:00,23.6,78
2026-08-22T04:00,24.9,71
2026-08-22T05:00,25.2,70
2026-08-22T06:00,27.3,64
2026-08-22T07:00,28.5,58
2026-08-22T08:00,29.5,53
2026-08-22T09:00,29.3,52
2026-08-22T10:00,29.0,52
2026-08-22T11:00,27.9,55
2026-08-22T12:00,26.2,65
2026-08-22T13:00,24.5,75
2026-08-22T14:00,23.0,83
2026-08-22T15:00,22.3,86
2026-08-22T16:00,21.9,88
2026-08-22T17:00,21.6,90
2026-08-22T18:00,21.4,90
2026-08-22T19:00,21.2,91
2026-08-22T20:00,20.9,92
2026-08-22T21:00,20.9,92
2026-08-22T22:00,21.1,90
2026-08-22T23:00,21.3,89
2026-08-23T00:00,21.2,90
2026-08-23T01:00,21.2,90
2026-08-23T02:00,22.3,84
2026-08-23T03:00,23.8,77
2026-08-23T04:00,25.4,69
2026-08-23T05:00,26.1,66
2026-08-23T06:00,27.9,60
2026-08-23T07:00,28.4,60
2026-08-23T08:00,28.7,57
2026-08-23T09:00,27.5,65
2026-08-23T10:00,27.4,65
2026-08-23T11:00,25.8,70
2026-08-23T12:00,25.5,70
2026-08-23T13:00,23.7,81
2026-08-23T14:00,23.0,85
2026-08-23T15:00,22.4,87
2026-08-23T16:00,21.8,90
2026-08-23T17:00,21.8,90
2026-08-23T18:00,22.3,87
2026-08-23T19:00,22.1,88
2026-08-23T20:00,21.8,89
2026-08-23T21:00,21.6,90
2026-08-23T22:00,21.5,89
2026-08-23T23:00,21.3,89
2026-08-24T00:00,21.5,88
2026-08-24T01:00,22.0,85
2026-08-24T02:00,22.8,82
2026-08-24T03:00,23.7,78
2026-08-24T04:00,24.8,72
2026-08-24T05:00,26.1,67
2026-08-24T06:00,26.9,64
2026-08-24T07:00,26.8,66
2026-08-24T08:00,26.2,70
2026-08-24T09:00,25.6,74
2026-08-24T10:00,25.1,76
2026-08-24T11:00,24.7,78
2026-08-24T12:00,24.2,81
2026-08-24T13:00,23.5,84
2026-08-24T14:00,22.7,87
2026-08-24T15:00,22.2,89
2026-08-24T16:00,21.9,90
2026-08-24T17:00,21.9,90
2026-08-24T18:00,21.8,90
2026-08-24T19:00,21.6,91
2026-08-24T20:00,21.4,92
2026-08-24T21:00,21.3,92
2026-08-24T22:00,21.3,92
2026-08-24T23:00,21.5,91
2026-08-25T00:00,21.7,89
2026-08-25T01:00,22.2,86
2026-08-25T02:00,22.7,83
2026-08-25T03:00,23.4,79
2026-08-25T04:00,24.3,75
2026-08-25T05:00,25.3,71
2026-08-25T06:00,26.1,68
2026-08-25T07:00,26.3,68
2026-08-25T08:00,26.3,70
2026-08-25T09:00,26.1,71
2026-08-25T10:00,25.9,71
2026-08-25T11:00,25.5,71
2026-08-25T12:00,25.0,72
2026-08-25T13:00,24.1,76
2026-08-25T14:00,23.0,82
2026-08-25T15:00,22.2,87
2026-08-25T16:00,21.9,89
2026-08-25T17:00,21.9,89
2026-08-25T18:00,21.9,88
2026-08-25T19:00,21.8,89
2026-08-25T20:00,21.8,89
2026-08-25T21:00,21.7,89
2026-08-25T22:00,21.6,90
2026-08-25T23:00,21.4,90
2026-08-26T00:00,21.5,89
2026-08-26T01:00,22.0,87
2026-08-26T02:00,22.7,82
2026-08-26T03:00,23.5,78
2026-08-26T04:00,24.4,74
2026-08-26T05:00,25.5,70
2026-08-26T06:00,26.2,67
2026-08-26T07:00,27.1,64
2026-08-26T08:00,27.2,64
2026-08-26T09:00,27.1,64
2026-08-26T10:00,26.8,65
2026-08-26T11:00,26.5,66
2026-08-26T12:00,26.1,68
2026-08-26T13:00,25.6,70
2026-08-26T14:00,24.8,74
2026-08-26T15:00,23.9,78
2026-08-26T16:00,23.0,82
2026-08-26T17:00,22.3,87
2026-08-26T18:00,21.7,90
2026-08-26T19:00,21.4,91
2026-08-26T20:00,21.1,93
2026-08-26T21:00,21.0,93
2026-08-26T22:00,21.0,93
2026-08-26T23:00,21.2,92
